device,model,task,task_label,engine,num_requests,dataset,qps,avg_latency
a100,Qwen2.5-14B,code,CodeWriter,vLLM,20,D1,0.05,1836.650278
a100,Qwen2.5-14B,code,CodeWriter,vLLM,20,D1,0.1,1908.927503
a100,Qwen2.5-14B,code,CodeWriter,vLLM,20,D1,0.2,2145.357962
a100,Qwen2.5-14B,code,CodeWriter,vLLM,20,D1,0.5,2477.10683
a100,Qwen2.5-14B,code,CodeWriter,vLLM,20,D1,1,2630.364058
a100,Qwen2.5-14B,code,CodeWriter,vLLM,30,D2,0.05,2066.652423
a100,Qwen2.5-14B,code,CodeWriter,vLLM,30,D2,0.1,2244.438412
a100,Qwen2.5-14B,code,CodeWriter,vLLM,30,D2,0.2,2952.47117
a100,Qwen2.5-14B,code,CodeWriter,vLLM,30,D2,0.5,3477.977193
a100,Qwen2.5-14B,code,CodeWriter,vLLM,30,D2,1,3783.236608
a100,Qwen2.5-14B,research,DeepResearch,vLLM,20,D1,0.05,462.8607
a100,Qwen2.5-14B,research,DeepResearch,vLLM,20,D1,0.1,525.27968
a100,Qwen2.5-14B,research,DeepResearch,vLLM,20,D1,0.2,560.401021
a100,Qwen2.5-14B,research,DeepResearch,vLLM,20,D1,0.5,586.9867
a100,Qwen2.5-14B,research,DeepResearch,vLLM,20,D1,1,656.288391
a100,Qwen2.5-14B,research,DeepResearch,vLLM,30,D2,0.05,553.120908
a100,Qwen2.5-14B,research,DeepResearch,vLLM,30,D2,0.1,667.562434
a100,Qwen2.5-14B,research,DeepResearch,vLLM,30,D2,0.2,750.066008
a100,Qwen2.5-14B,research,DeepResearch,vLLM,30,D2,0.5,812.37862
a100,Qwen2.5-14B,research,DeepResearch,vLLM,30,D2,1,830.966516
a100,Qwen2.5-14B,code,CodeWriter,vLLM-Prefix,20,D1,0.05,1831.126347
a100,Qwen2.5-14B,code,CodeWriter,vLLM-Prefix,20,D1,0.1,1859.065282
a100,Qwen2.5-14B,code,CodeWriter,vLLM-Prefix,20,D1,0.2,1985.103173
a100,Qwen2.5-14B,code,CodeWriter,vLLM-Prefix,20,D1,0.5,2199.28828
a100,Qwen2.5-14B,code,CodeWriter,vLLM-Prefix,20,D1,1,2373.020297
a100,Qwen2.5-14B,code,CodeWriter,vLLM-Prefix,30,D2,0.05,2063.625749
a100,Qwen2.5-14B,code,CodeWriter,vLLM-Prefix,30,D2,0.1,2298.867219
a100,Qwen2.5-14B,code,CodeWriter,vLLM-Prefix,30,D2,0.2,2855.966514
a100,Qwen2.5-14B,code,CodeWriter,vLLM-Prefix,30,D2,0.5,3238.325883
a100,Qwen2.5-14B,code,CodeWriter,vLLM-Prefix,30,D2,1,3442.424154
a100,Qwen2.5-14B,research,DeepResearch,vLLM-Prefix,20,D1,0.05,461.40364
a100,Qwen2.5-14B,research,DeepResearch,vLLM-Prefix,20,D1,0.1,518.0635924
a100,Qwen2.5-14B,research,DeepResearch,vLLM-Prefix,20,D1,0.2,551.6652227
a100,Qwen2.5-14B,research,DeepResearch,vLLM-Prefix,20,D1,0.5,573.3125957
a100,Qwen2.5-14B,research,DeepResearch,vLLM-Prefix,20,D1,1,610.9069639
a100,Qwen2.5-14B,research,DeepResearch,vLLM-Prefix,30,D2,0.05,552.435839
a100,Qwen2.5-14B,research,DeepResearch,vLLM-Prefix,30,D2,0.1,663.2409902
a100,Qwen2.5-14B,research,DeepResearch,vLLM-Prefix,30,D2,0.2,733.9167638
a100,Qwen2.5-14B,research,DeepResearch,vLLM-Prefix,30,D2,0.5,777.2005229
a100,Qwen2.5-14B,research,DeepResearch,vLLM-Prefix,30,D2,1,832.7383425
a100,Qwen2.5-14B,code,CodeWriter,SunCake,20,D1,0.05,1722.116249
a100,Qwen2.5-14B,code,CodeWriter,SunCake,20,D1,0.1,1809.366097
a100,Qwen2.5-14B,code,CodeWriter,SunCake,20,D1,0.2,1946.719205
a100,Qwen2.5-14B,code,CodeWriter,SunCake,20,D1,0.5,1994.385878
a100,Qwen2.5-14B,code,CodeWriter,SunCake,20,D1,1,2085.716469
a100,Qwen2.5-14B,code,CodeWriter,SunCake,30,D2,0.05,2015.256111
a100,Qwen2.5-14B,code,CodeWriter,SunCake,30,D2,0.1,2193.60489
a100,Qwen2.5-14B,code,CodeWriter,SunCake,30,D2,0.2,2461.814386
a100,Qwen2.5-14B,code,CodeWriter,SunCake,30,D2,0.5,2567.121334
a100,Qwen2.5-14B,code,CodeWriter,SunCake,30,D2,1,2681.17438
a100,Qwen2.5-14B,research,DeepResearch,SunCake,20,D1,0.05,457.689912
a100,Qwen2.5-14B,research,DeepResearch,SunCake,20,D1,0.1,490.945707
a100,Qwen2.5-14B,research,DeepResearch,SunCake,20,D1,0.2,531.467345
a100,Qwen2.5-14B,research,DeepResearch,SunCake,20,D1,0.5,560.119548
a100,Qwen2.5-14B,research,DeepResearch,SunCake,20,D1,1,570.119548
a100,Qwen2.5-14B,research,DeepResearch,SunCake,30,D2,0.05,571.396036
a100,Qwen2.5-14B,research,DeepResearch,SunCake,30,D2,0.1,596.111935
a100,Qwen2.5-14B,research,DeepResearch,SunCake,30,D2,0.2,665.295911
a100,Qwen2.5-14B,research,DeepResearch,SunCake,30,D2,0.5,702.032493
a100,Qwen2.5-14B,research,DeepResearch,SunCake,30,D2,1,726.316052
a100,Qwen2.5-14B,code,CodeWriter,MoonCake,20,D1,0.05,2063.273718
a100,Qwen2.5-14B,code,CodeWriter,MoonCake,20,D1,0.1,2080.558565
a100,Qwen2.5-14B,code,CodeWriter,MoonCake,20,D1,0.2,2099.080529
a100,Qwen2.5-14B,code,CodeWriter,MoonCake,20,D1,0.5,2159.778066
a100,Qwen2.5-14B,code,CodeWriter,MoonCake,20,D1,1,2271.144101
a100,Qwen2.5-14B,code,CodeWriter,MoonCake,30,D2,0.05,1954.921095
a100,Qwen2.5-14B,code,CodeWriter,MoonCake,30,D2,0.1,2330.863717
a100,Qwen2.5-14B,code,CodeWriter,MoonCake,30,D2,0.2,2523.350263
a100,Qwen2.5-14B,code,CodeWriter,MoonCake,30,D2,0.5,2888.511868
a100,Qwen2.5-14B,code,CodeWriter,MoonCake,30,D2,1,3075.848947
a100,Qwen2.5-14B,research,DeepResearch,MoonCake,20,D1,0.05,606.025839
a100,Qwen2.5-14B,research,DeepResearch,MoonCake,20,D1,0.1,677.294268
a100,Qwen2.5-14B,research,DeepResearch,MoonCake,20,D1,0.2,682.012581
a100,Qwen2.5-14B,research,DeepResearch,MoonCake,20,D1,0.5,755.10962
a100,Qwen2.5-14B,research,DeepResearch,MoonCake,20,D1,1,791.701407
a100,Qwen2.5-14B,research,DeepResearch,MoonCake,30,D2,0.05,772.639053
a100,Qwen2.5-14B,research,DeepResearch,MoonCake,30,D2,0.1,788.829219
a100,Qwen2.5-14B,research,DeepResearch,MoonCake,30,D2,0.2,879.11705
a100,Qwen2.5-14B,research,DeepResearch,MoonCake,30,D2,0.5,867.25579
a100,Qwen2.5-14B,research,DeepResearch,MoonCake,30,D2,1,936.803148
h20,Qwen2.5-32B,code,CodeWriter,vLLM-Prefix,20,D1,0.05,749.450341
h20,Qwen2.5-32B,code,CodeWriter,vLLM-Prefix,20,D1,0.1,851.352118
h20,Qwen2.5-32B,code,CodeWriter,vLLM-Prefix,20,D1,0.2,923.181145
h20,Qwen2.5-32B,code,CodeWriter,vLLM-Prefix,20,D1,0.5,1283.236982
h20,Qwen2.5-32B,code,CodeWriter,vLLM-Prefix,20,D1,1,1350.133118
h20,Qwen2.5-32B,code,CodeWriter,vLLM-Prefix,30,D2,0.05,900.62211
h20,Qwen2.5-32B,code,CodeWriter,vLLM-Prefix,30,D2,0.1,1192.100909
h20,Qwen2.5-32B,code,CodeWriter,vLLM-Prefix,30,D2,0.2,1289.625515
h20,Qwen2.5-32B,code,CodeWriter,vLLM-Prefix,30,D2,0.5,1685.840846
h20,Qwen2.5-32B,code,CodeWriter,vLLM-Prefix,30,D2,1,1702.440021
h20,Qwen2.5-32B,research,DeepResearch,vLLM-Prefix,20,D1,0.05,516.001622
h20,Qwen2.5-32B,research,DeepResearch,vLLM-Prefix,20,D1,0.1,556.878459
h20,Qwen2.5-32B,research,DeepResearch,vLLM-Prefix,20,D1,0.2,674.303964
h20,Qwen2.5-32B,research,DeepResearch,vLLM-Prefix,20,D1,0.5,745.79095
h20,Qwen2.5-32B,research,DeepResearch,vLLM-Prefix,20,D1,1,1072.110911
h20,Qwen2.5-32B,research,DeepResearch,vLLM-Prefix,30,D2,0.05,764.714369
h20,Qwen2.5-32B,research,DeepResearch,vLLM-Prefix,30,D2,0.1,855.365045
h20,Qwen2.5-32B,research,DeepResearch,vLLM-Prefix,30,D2,0.2,988.947613
h20,Qwen2.5-32B,research,DeepResearch,vLLM-Prefix,30,D2,0.5,1029.93327
h20,Qwen2.5-32B,research,DeepResearch,vLLM-Prefix,30,D2,1,1156.673557
h20,Qwen2.5-32B,code,CodeWriter,vLLM,20,D1,0.05,717.799367
h20,Qwen2.5-32B,code,CodeWriter,vLLM,20,D1,0.1,960.429436
h20,Qwen2.5-32B,code,CodeWriter,vLLM,20,D1,0.2,1022.059312
h20,Qwen2.5-32B,code,CodeWriter,vLLM,20,D1,0.5,1395.115572
h20,Qwen2.5-32B,code,CodeWriter,vLLM,20,D1,1,1496.539339
h20,Qwen2.5-32B,code,CodeWriter,vLLM,30,D2,0.05,920.0836
h20,Qwen2.5-32B,code,CodeWriter,vLLM,30,D2,0.1,1170.963655
h20,Qwen2.5-32B,code,CodeWriter,vLLM,30,D2,0.2,1521.661331
h20,Qwen2.5-32B,code,CodeWriter,vLLM,30,D2,0.5,1837.273305
h20,Qwen2.5-32B,code,CodeWriter,vLLM,30,D2,1,1903.740749
h20,Qwen2.5-32B,research,DeepResearch,vLLM,20,D1,0.05,496.1744
h20,Qwen2.5-32B,research,DeepResearch,vLLM,20,D1,0.1,601.767779
h20,Qwen2.5-32B,research,DeepResearch,vLLM,20,D1,0.2,768.332006
h20,Qwen2.5-32B,research,DeepResearch,vLLM,20,D1,0.5,840.307245
h20,Qwen2.5-32B,research,DeepResearch,vLLM,20,D1,1,978.506201
h20,Qwen2.5-32B,research,DeepResearch,vLLM,30,D2,0.05,715.547503
h20,Qwen2.5-32B,research,DeepResearch,vLLM,30,D2,0.1,882.865084
h20,Qwen2.5-32B,research,DeepResearch,vLLM,30,D2,0.2,1040.885184
h20,Qwen2.5-32B,research,DeepResearch,vLLM,30,D2,0.5,1166.559418
h20,Qwen2.5-32B,research,DeepResearch,vLLM,30,D2,1,1300.873598
h20,Qwen2.5-32B,code,CodeWriter,SunCake,20,D1,0.05,785.115152
h20,Qwen2.5-32B,code,CodeWriter,SunCake,20,D1,0.1,809.966588
h20,Qwen2.5-32B,code,CodeWriter,SunCake,20,D1,0.2,886.505692
h20,Qwen2.5-32B,code,CodeWriter,SunCake,20,D1,0.5,1043.006334
h20,Qwen2.5-32B,code,CodeWriter,SunCake,20,D1,1,1152.927575
h20,Qwen2.5-32B,code,CodeWriter,SunCake,30,D2,0.05,980.951919
h20,Qwen2.5-32B,code,CodeWriter,SunCake,30,D2,0.1,1042.181888
h20,Qwen2.5-32B,code,CodeWriter,SunCake,30,D2,0.2,1217.140428
h20,Qwen2.5-32B,code,CodeWriter,SunCake,30,D2,0.5,1390.900958
h20,Qwen2.5-32B,code,CodeWriter,SunCake,30,D2,1,1494.132678
h20,Qwen2.5-32B,research,DeepResearch,SunCake,20,D1,0.05,541.377592
h20,Qwen2.5-32B,research,DeepResearch,SunCake,20,D1,0.1,598.43478
h20,Qwen2.5-32B,research,DeepResearch,SunCake,20,D1,0.2,628.557619
h20,Qwen2.5-32B,research,DeepResearch,SunCake,20,D1,0.5,759.710301
h20,Qwen2.5-32B,research,DeepResearch,SunCake,20,D1,1,809.75994
h20,Qwen2.5-32B,research,DeepResearch,SunCake,30,D2,0.05,750.479398
h20,Qwen2.5-32B,research,DeepResearch,SunCake,30,D2,0.1,824.169679
h20,Qwen2.5-32B,research,DeepResearch,SunCake,30,D2,0.2,948.587069
h20,Qwen2.5-32B,research,DeepResearch,SunCake,30,D2,0.5,935.210087
h20,Qwen2.5-32B,research,DeepResearch,SunCake,30,D2,1,952.910852
h20,Qwen2.5-32B,code,CodeWriter,MoonCake,20,D1,0.05,879.506061
h20,Qwen2.5-32B,code,CodeWriter,MoonCake,20,D1,0.1,1044.044408
h20,Qwen2.5-32B,code,CodeWriter,MoonCake,20,D1,0.2,1260.130874
h20,Qwen2.5-32B,code,CodeWriter,MoonCake,20,D1,0.5,1486.601559
h20,Qwen2.5-32B,code,CodeWriter,MoonCake,20,D1,1,1466.060438
h20,Qwen2.5-32B,code,CodeWriter,MoonCake,30,D2,0.05,1133.265863
h20,Qwen2.5-32B,code,CodeWriter,MoonCake,30,D2,0.1,1469.328965
h20,Qwen2.5-32B,code,CodeWriter,MoonCake,30,D2,0.2,1886.038684
h20,Qwen2.5-32B,code,CodeWriter,MoonCake,30,D2,0.5,2047.60853
h20,Qwen2.5-32B,code,CodeWriter,MoonCake,30,D2,1,1957.706935
h20,Qwen2.5-32B,research,DeepResearch,MoonCake,20,D1,0.05,868.888685
h20,Qwen2.5-32B,research,DeepResearch,MoonCake,20,D1,0.1,874.887161
h20,Qwen2.5-32B,research,DeepResearch,MoonCake,20,D1,0.2,895.701092
h20,Qwen2.5-32B,research,DeepResearch,MoonCake,20,D1,0.5,962.815436
h20,Qwen2.5-32B,research,DeepResearch,MoonCake,20,D1,1,937.392472
h20,Qwen2.5-32B,research,DeepResearch,MoonCake,30,D2,0.05,1057.359726
h20,Qwen2.5-32B,research,DeepResearch,MoonCake,30,D2,0.1,1137.649463
h20,Qwen2.5-32B,research,DeepResearch,MoonCake,30,D2,0.2,1199.697128
h20,Qwen2.5-32B,research,DeepResearch,MoonCake,30,D2,0.5,1332.312925
h20,Qwen2.5-32B,research,DeepResearch,MoonCake,30,D2,1,1375.640178
h20-72b,Qwen2.5-72B,code,CodeWriter,vLLM,20,D1,0.05,1504.905211
h20-72b,Qwen2.5-72B,code,CodeWriter,vLLM,20,D1,0.1,1743.582175
h20-72b,Qwen2.5-72B,code,CodeWriter,vLLM,20,D1,0.2,1936.816922
h20-72b,Qwen2.5-72B,code,CodeWriter,vLLM,20,D1,0.5,2295.598689
h20-72b,Qwen2.5-72B,code,CodeWriter,vLLM,20,D1,1,2396.698238
h20-72b,Qwen2.5-72B,code,CodeWriter,vLLM,30,D2,0.05,1672.416996
h20-72b,Qwen2.5-72B,code,CodeWriter,vLLM,30,D2,0.1,2136.365142
h20-72b,Qwen2.5-72B,code,CodeWriter,vLLM,30,D2,0.2,2414.200267
h20-72b,Qwen2.5-72B,code,CodeWriter,vLLM,30,D2,0.5,2732.64235
h20-72b,Qwen2.5-72B,code,CodeWriter,vLLM,30,D2,1,3075.6717
h20-72b,Qwen2.5-72B,research,DeepResearch,vLLM,20,D1,0.05,619.938791
h20-72b,Qwen2.5-72B,research,DeepResearch,vLLM,20,D1,0.1,772.446334
h20-72b,Qwen2.5-72B,research,DeepResearch,vLLM,20,D1,0.2,833.805345
h20-72b,Qwen2.5-72B,research,DeepResearch,vLLM,20,D1,0.5,990.905974
h20-72b,Qwen2.5-72B,research,DeepResearch,vLLM,20,D1,1,1055.410761
h20-72b,Qwen2.5-72B,research,DeepResearch,vLLM,30,D2,0.05,757.566063
h20-72b,Qwen2.5-72B,research,DeepResearch,vLLM,30,D2,0.1,959.47357
h20-72b,Qwen2.5-72B,research,DeepResearch,vLLM,30,D2,0.2,1054.246079
h20-72b,Qwen2.5-72B,research,DeepResearch,vLLM,30,D2,0.5,1215.152379
h20-72b,Qwen2.5-72B,research,DeepResearch,vLLM,30,D2,1,1298.178604
h20-72b,Qwen2.5-72B,code,CodeWriter,vLLM-Prefix,20,D1,0.05,1400.06787
h20-72b,Qwen2.5-72B,code,CodeWriter,vLLM-Prefix,20,D1,0.1,1515.880951
h20-72b,Qwen2.5-72B,code,CodeWriter,vLLM-Prefix,20,D1,0.2,1666.466826
h20-72b,Qwen2.5-72B,code,CodeWriter,vLLM-Prefix,20,D1,0.5,1950.883501
h20-72b,Qwen2.5-72B,code,CodeWriter,vLLM-Prefix,20,D1,1,2083.337747
h20-72b,Qwen2.5-72B,code,CodeWriter,vLLM-Prefix,30,D2,0.05,1623.925891
h20-72b,Qwen2.5-72B,code,CodeWriter,vLLM-Prefix,30,D2,0.1,1796.183939
h20-72b,Qwen2.5-72B,code,CodeWriter,vLLM-Prefix,30,D2,0.2,1951.637566
h20-72b,Qwen2.5-72B,code,CodeWriter,vLLM-Prefix,30,D2,0.5,2280.806165
h20-72b,Qwen2.5-72B,code,CodeWriter,vLLM-Prefix,30,D2,1,2615.379164
h20-72b,Qwen2.5-72B,research,DeepResearch,vLLM-Prefix,20,D1,0.05,636.752633
h20-72b,Qwen2.5-72B,research,DeepResearch,vLLM-Prefix,20,D1,0.1,661.708803
h20-72b,Qwen2.5-72B,research,DeepResearch,vLLM-Prefix,20,D1,0.2,776.406632
h20-72b,Qwen2.5-72B,research,DeepResearch,vLLM-Prefix,20,D1,0.5,870.851549
h20-72b,Qwen2.5-72B,research,DeepResearch,vLLM-Prefix,20,D1,1,970.685888
h20-72b,Qwen2.5-72B,research,DeepResearch,vLLM-Prefix,30,D2,0.05,777.350515
h20-72b,Qwen2.5-72B,research,DeepResearch,vLLM-Prefix,30,D2,0.1,839.087801
h20-72b,Qwen2.5-72B,research,DeepResearch,vLLM-Prefix,30,D2,0.2,902.920207
h20-72b,Qwen2.5-72B,research,DeepResearch,vLLM-Prefix,30,D2,0.5,1074.711572
h20-72b,Qwen2.5-72B,research,DeepResearch,vLLM-Prefix,30,D2,1,1215.49899
h20-72b,Qwen2.5-72B,code,CodeWriter,SunCake,20,D1,0.05,1449.561515
h20-72b,Qwen2.5-72B,code,CodeWriter,SunCake,20,D1,0.1,1404.510362
h20-72b,Qwen2.5-72B,code,CodeWriter,SunCake,20,D1,0.2,1479.574812
h20-72b,Qwen2.5-72B,code,CodeWriter,SunCake,20,D1,0.5,1728.629497
h20-72b,Qwen2.5-72B,code,CodeWriter,SunCake,20,D1,1,1856.157457
h20-72b,Qwen2.5-72B,code,CodeWriter,SunCake,30,D2,0.05,1527.754952
h20-72b,Qwen2.5-72B,code,CodeWriter,SunCake,30,D2,0.1,1595.254718
h20-72b,Qwen2.5-72B,code,CodeWriter,SunCake,30,D2,0.2,1800.057323
h20-72b,Qwen2.5-72B,code,CodeWriter,SunCake,30,D2,0.5,2059.521324
h20-72b,Qwen2.5-72B,code,CodeWriter,SunCake,30,D2,1,2110.812309
h20-72b,Qwen2.5-72B,research,DeepResearch,SunCake,20,D1,0.05,603.123501
h20-72b,Qwen2.5-72B,research,DeepResearch,SunCake,20,D1,0.1,564.632921
h20-72b,Qwen2.5-72B,research,DeepResearch,SunCake,20,D1,0.2,653.657388
h20-72b,Qwen2.5-72B,research,DeepResearch,SunCake,20,D1,0.5,744.674001
h20-72b,Qwen2.5-72B,research,DeepResearch,SunCake,20,D1,1,769.037949
h20-72b,Qwen2.5-72B,research,DeepResearch,SunCake,30,D2,0.05,674.763362
h20-72b,Qwen2.5-72B,research,DeepResearch,SunCake,30,D2,0.1,718.682454
h20-72b,Qwen2.5-72B,research,DeepResearch,SunCake,30,D2,0.2,787.005084
h20-72b,Qwen2.5-72B,research,DeepResearch,SunCake,30,D2,0.5,908.45607
h20-72b,Qwen2.5-72B,research,DeepResearch,SunCake,30,D2,1,971.851775
h20-72b,Qwen2.5-72B,code,CodeWriter,MoonCake,20,D1,0.05,1868.726406
h20-72b,Qwen2.5-72B,code,CodeWriter,MoonCake,20,D1,0.1,1941.619232
h20-72b,Qwen2.5-72B,code,CodeWriter,MoonCake,20,D1,0.2,1994.180493
h20-72b,Qwen2.5-72B,code,CodeWriter,MoonCake,20,D1,0.5,2042.100136
h20-72b,Qwen2.5-72B,code,CodeWriter,MoonCake,20,D1,1,2065.533983
h20-72b,Qwen2.5-72B,code,CodeWriter,MoonCake,30,D2,0.05,2267.718051
h20-72b,Qwen2.5-72B,code,CodeWriter,MoonCake,30,D2,0.1,2555.1587
h20-72b,Qwen2.5-72B,code,CodeWriter,MoonCake,30,D2,0.2,2558.585278
h20-72b,Qwen2.5-72B,code,CodeWriter,MoonCake,30,D2,0.5,2619.891175
h20-72b,Qwen2.5-72B,code,CodeWriter,MoonCake,30,D2,1,2701.808921
h20-72b,Qwen2.5-72B,research,DeepResearch,MoonCake,20,D1,0.05,822.281829
h20-72b,Qwen2.5-72B,research,DeepResearch,MoonCake,20,D1,0.1,893.206816
h20-72b,Qwen2.5-72B,research,DeepResearch,MoonCake,20,D1,0.2,888.29794
h20-72b,Qwen2.5-72B,research,DeepResearch,MoonCake,20,D1,0.5,972.634807
h20-72b,Qwen2.5-72B,research,DeepResearch,MoonCake,20,D1,1,1007.326058
h20-72b,Qwen2.5-72B,research,DeepResearch,MoonCake,30,D2,0.05,921.8309
h20-72b,Qwen2.5-72B,research,DeepResearch,MoonCake,30,D2,0.1,980.049485
h20-72b,Qwen2.5-72B,research,DeepResearch,MoonCake,30,D2,0.2,1110.856702
h20-72b,Qwen2.5-72B,research,DeepResearch,MoonCake,30,D2,0.5,1195.2617
h20-72b,Qwen2.5-72B,research,DeepResearch,MoonCake,30,D2,1,1205.647715
