time,preempt_type,preempt_priority,victim_type,victim_priority,want_blocks,get_blocks
255,mcp_conditional_execution,7,mcp_conditional_execution,7,1310,2322
260,mcp_conditional_execution,4,mcp_conditional_execution,4,1371,915
262,mcp_conditional_execution,7,mcp_conditional_execution,7,1,3729
267,architect,5,architect,5,1,2400
272,mcp_search,3,mcp_search,3,1,1952
272,mcp_conditional_execution,7,mcp_conditional_execution,7,2033,779
273,mcp_search,6,mcp_search,6,2032,948
276,architect,2,mcp_search,6,1,3408
283,mcp_conditional_execution,4,mcp_file_write,8,1,3688
285,mcp_conditional_execution,4,mcp_conditional_execution,4,1169,1050
285,architect,5,architect,5,926,1065
288,architect,2,mcp_conditional_execution,4,1,2327
295,mcp_search,3,mcp_search,3,1,1635
296,mcp_search,6,mcp_search,6,743,2271
298,architect,2,architect,2,581,98
298,mcp_conditional_execution,7,mcp_conditional_execution,4,1,1904
302,mcp_conditional_execution,4,mcp_conditional_execution,7,1,4084
303,mcp_file_write,8,mcp_file_write,8,2034,1768
305,architect,2,mcp_file_write,8,1,3834
306,mcp_conditional_execution,7,mcp_conditional_execution,7,2034,856
308,architect,5,mcp_search,3,1,1438
312,mcp_search,3,mcp_conditional_execution,7,1,3572
317,mcp_search,6,mcp_search,6,1109,2274
322,architect,5,architect,5,794,1132
325,mcp_search,6,mcp_search,6,1,3477
331,mcp_file_write,8,mcp_conditional_execution,7,1,3789
335,programmer,9,programmer,9,1843,2036
343,mcp_conditional_execution,7,architect,5,1,2573
349,architect,5,mcp_conditional_execution,4,1,2001
353,architect,2,mcp_search,3,1,1516
355,mcp_file_write,8,mcp_file_write,8,1794,2341
358,mcp_conditional_execution,7,mcp_conditional_execution,7,1402,2044
366,architect,5,mcp_search,3,1,1866
367,mcp_search,6,mcp_search,6,2034,388
373,architect,5,mcp_conditional_execution,4,1,1848
375,mcp_file_write,8,mcp_file_write,8,1364,2346
381,mcp_conditional_execution,4,mcp_search,3,1,1431
384,mcp_search,3,mcp_file_write,8,1,3834
388,mcp_file_write,8,architect,2,1,669
389,architect,2,architect,5,1,2374
391,mcp_conditional_execution,7,mcp_conditional_execution,7,2034,1599
396,mcp_search,3,mcp_search,3,1577,143
398,architect,5,mcp_conditional_execution,4,1,2276
400,programmer,9,programmer,9,2033,758
402,architect,2,mcp_search,3,1,1772
405,mcp_file_query,10,mcp_file_query,10,2034,2417
406,mcp_conditional_execution,7,mcp_file_query,10,1,4451
413,architect,5,architect,5,1396,535
417,programmer,9,architect,5,1,1945
421,mcp_file_query,10,mcp_search,3,1,1589
423,mcp_search,6,mcp_search,6,1815,1650
429,mcp_conditional_execution,4,mcp_conditional_execution,4,764,1068
432,architect,5,architect,5,726,1466
435,mcp_search,3,mcp_search,3,239,1426
440,mcp_conditional_execution,7,mcp_file_write,8,1,3706
448,mcp_search,3,architect,2,1,391
449,mcp_conditional_execution,4,mcp_search,6,1,3204
451,architect,2,mcp_search,3,1,1385
453,architect,2,architect,2,1,498
453,programmer,9,mcp_search,6,1,3315
457,mcp_file_query,10,mcp_file_query,10,2032,2370
459,architect,5,architect,5,1,1993
463,programmer,9,mcp_file_query,10,1,5218
463,mcp_search,3,mcp_file_query,10,1,5219
463,mcp_conditional_execution,7,mcp_conditional_execution,7,1664,2308
466,mcp_file_query,10,architect,2,1,317
467,mcp_search,3,mcp_conditional_execution,7,1,4011
470,programmer,9,programmer,9,1588,2328
471,mcp_conditional_execution,4,mcp_conditional_execution,4,1227,606
473,mcp_conditional_execution,7,mcp_search,6,1,3410
479,mcp_file_query,10,architect,2,1,736
479,mcp_conditional_execution,7,mcp_conditional_execution,7,2031,731
482,architect,2,mcp_conditional_execution,7,1,3433
485,mcp_file_write,8,mcp_file_write,8,2031,1015
493,mcp_file_query,10,mcp_file_query,10,2033,895
495,mcp_conditional_execution,7,architect,5,1,2479
497,mcp_file_query,10,mcp_file_query,10,2034,2899
501,architect,5,architect,5,1,2624
506,mcp_file_write,11,mcp_file_write,11,2033,1860
511,mcp_file_write,8,architect,2,1,744
513,mcp_file_query,10,architect,2,1,297
514,mcp_conditional_execution,7,mcp_conditional_execution,4,1,1814
518,mcp_file_write,11,architect,2,1,436
518,mcp_conditional_execution,4,mcp_file_write,11,1,5298
518,mcp_file_query,10,architect,2,1,437
518,mcp_file_query,10,mcp_file_write,11,1,5299
520,mcp_file_query,10,mcp_search,3,1,1779
524,mcp_file_query,10,mcp_search,6,1,3137
528,mcp_conditional_execution,7,mcp_conditional_execution,7,1247,2649
530,mcp_file_write,8,mcp_file_write,8,2030,1095
532,mcp_file_write,11,mcp_conditional_execution,7,1,3979
540,mcp_search,6,mcp_search,6,975,2272
541,mcp_file_query,10,mcp_file_query,10,2032,1462
548,mcp_conditional_execution,4,mcp_conditional_execution,4,1803,296
550,mcp_search,6,mcp_conditional_execution,4,1,2114
557,programmer,9,programmer,9,1499,2355
563,programmer,9,architect,2,1,731
564,mcp_search,3,architect,5,1,2433
568,mcp_conditional_execution,7,mcp_conditional_execution,7,2033,1022
571,mcp_file_write,11,mcp_file_write,11,1568,3724
575,mcp_file_query,10,architect,2,1,599
577,mcp_file_query,10,mcp_search,6,1,3099
583,mcp_file_query,10,mcp_file_query,10,2031,1348
585,mcp_file_write,11,mcp_search,3,1,1439
586,mcp_file_query,10,mcp_file_query,10,1606,3361
590,mcp_file_write,11,mcp_search,3,1,1565
592,mcp_conditional_execution,4,mcp_file_write,8,1,4496
595,architect,5,architect,5,821,1203
598,mcp_file_write,11,mcp_search,3,1,1666
600,mcp_conditional_execution,7,mcp_conditional_execution,7,2030,1296
602,mcp_conditional_execution,7,mcp_conditional_execution,7,507,3328
608,architect,2,mcp_conditional_execution,4,1,2226
611,architect,2,mcp_search,3,1,1568
613,mcp_file_query,10,mcp_conditional_execution,4,1,2045
614,programmer,9,programmer,9,1871,2356
618,mcp_search,6,mcp_search,6,1030,2426
623,architect,2,architect,2,1,337
624,mcp_file_query,10,mcp_search,6,1,3513
626,mcp_search,3,programmer,9,1,4487
626,mcp_search,3,mcp_search,6,1,3516
628,mcp_conditional_execution,7,programmer,9,1,4542
628,programmer,9,programmer,9,1,4544
628,mcp_conditional_execution,4,mcp_search,6,1,3519
634,mcp_file_query,10,mcp_file_query,10,2034,2386
639,architect,5,architect,5,985,1366
640,mcp_search,3,mcp_search,3,1026,599
642,mcp_file_write,11,architect,2,1,735
643,mcp_conditional_execution,4,reviewer,12,1,7678
648,programmer,9,architect,5,1,2015
651,mcp_file_query,10,architect,2,1,556
651,programmer,9,reviewer,12,1,7902
651,architect,2,reviewer,12,1,7904
653,mcp_file_query,10,reviewer,12,1,7961
654,mcp_file_write,11,mcp_conditional_execution,7,1,3428
661,mcp_file_query,10,architect,5,1,2248
662,mcp_file_write,11,architect,2,1,807
665,mcp_file_write,8,mcp_file_write,8,2032,766
667,mcp_search,3,mcp_conditional_execution,4,1,1894
670,mcp_conditional_execution,7,mcp_conditional_execution,4,1,2360
675,mcp_search,6,mcp_search,6,2034,950
679,mcp_search,3,mcp_search,3,928,599
684,architect,5,architect,2,1,781
686,mcp_file_write,8,mcp_conditional_execution,4,1,2331
688,mcp_file_write,11,mcp_file_write,11,2033,2393
692,architect,2,architect,2,1,924
693,mcp_conditional_execution,4,mcp_conditional_execution,4,1,2508
696,mcp_search,6,mcp_file_write,11,1,5597
698,architect,5,architect,2,1,486
699,mcp_file_write,11,architect,5,1,2353
706,mcp_file_query,10,mcp_file_query,10,2033,2385
709,mcp_search,6,mcp_search,6,1650,1769
711,mcp_search,3,mcp_search,3,1,1772
713,mcp_file_write,8,mcp_file_write,8,1318,2453
718,mcp_file_query,10,architect,5,1,2045
721,reviewer,12,reviewer,12,858,7299
724,mcp_file_write,11,reviewer,12,1,8159
728,mcp_file_query,10,architect,5,1,2284
730,mcp_file_query,10,mcp_conditional_execution,4,1,2305
734,reviewer,12,mcp_conditional_execution,7,1,3530
737,programmer,9,programmer,9,2022,2358
742,mcp_search,3,mcp_conditional_execution,7,1,3699
745,mcp_file_write,11,mcp_file_write,11,2032,2416
747,mcp_file_write,11,mcp_file_write,11,720,4449
750,mcp_conditional_execution,7,architect,2,1,382
750,mcp_search,6,mcp_search,6,2031,1037
755,programmer,9,mcp_search,3,1,1495
760,reviewer,12,mcp_search,3,1,1644
762,programmer,9,architect,2,1,769
764,mcp_conditional_execution,4,mcp_file_write,11,1,5691
764,reviewer,12,mcp_search,3,1,1656
764,programmer,9,architect,2,1,783
768,mcp_conditional_execution,4,architect,2,1,707
769,programmer,9,architect,5,1,2434
771,mcp_file_write,8,architect,5,1,2096
776,architect,2,mcp_search,3,1,1934
779,mcp_file_query,10,mcp_file_query,10,2031,964
784,architect,2,architect,2,1,746
787,mcp_file_query,10,architect,2,1,814
787,architect,5,mcp_file_query,10,1,5426
787,mcp_search,3,mcp_file_query,10,1,5429
787,mcp_file_write,8,mcp_file_query,10,1,5440
788,mcp_search,6,mcp_file_query,10,1,5440
789,mcp_search,3,mcp_file_query,10,1,5487
789,programmer,9,mcp_file_query,10,1,5491
791,programmer,9,mcp_search,3,1,1398
794,programmer,9,architect,2,1,951
794,architect,2,mcp_file_query,10,1,5586
794,mcp_conditional_execution,4,mcp_file_query,10,1,5635
794,architect,2,mcp_file_query,10,1,5637
794,mcp_conditional_execution,4,mcp_file_query,10,1,5644
800,mcp_file_write,11,mcp_file_write,11,2030,1300
802,mcp_file_write,11,mcp_file_write,11,2031,3327
808,mcp_file_query,10,mcp_file_write,11,1,5474
808,architect,5,mcp_file_write,11,1,5475
808,mcp_conditional_execution,4,mcp_file_write,11,1,5475
812,mcp_search,6,mcp_search,6,1143,2263
814,mcp_external_tool_eval,13,mcp_external_tool_eval,13,2034,3359
825,reviewer,12,mcp_external_tool_eval,13,1,8186
829,mcp_file_write,11,mcp_external_tool_eval,13,1,8279
834,reviser,13,reviser,13,2039,2039
836,mcp_conditional_execution,4,mcp_conditional_execution,4,926,853
840,mcp_file_write,11,mcp_search,3,1,1527
843,mcp_external_tool_eval,13,mcp_conditional_execution,4,1,2303
847,mcp_file_write,8,mcp_file_write,8,1422,2202
849,reviser,13,mcp_conditional_execution,4,1,2064
855,mcp_search,3,mcp_search,3,1,2069
860,mcp_file_write,8,mcp_file_write,8,1,4016
864,programmer,9,programmer,9,2033,1043
870,mcp_conditional_execution,4,mcp_file_query,10,1,4952
879,mcp_file_write,8,mcp_file_query,10,1,5152
879,architect,2,mcp_file_query,10,1,5153
880,architect,5,mcp_file_query,10,1,5165
881,mcp_file_write,8,mcp_file_write,8,691,3197
887,programmer,9,mcp_conditional_execution,4,1,2038
895,mcp_conditional_execution,4,mcp_conditional_execution,4,1,2183
895,mcp_file_query,10,mcp_file_write,8,1,4239
898,mcp_search,6,mcp_search,6,2032,991
900,programmer,9,reviewer,12,1,8639
901,architect,2,reviewer,12,1,8652
904,mcp_file_write,11,mcp_file_write,11,2033,2531
911,reviewer,12,mcp_search,3,1,1917
915,mcp_conditional_execution,7,mcp_conditional_execution,7,1550,2308
919,mcp_conditional_execution,4,mcp_conditional_execution,4,1510,672
921,mcp_search,3,mcp_conditional_execution,7,1,3904
924,architect,2,mcp_conditional_execution,4,1,2182
928,reviewer,12,mcp_conditional_execution,7,1,4045
930,architect,5,architect,5,314,1732
935,mcp_external_tool_eval,13,mcp_external_tool_eval,13,2030,594
936,mcp_search,6,mcp_search,3,1,1399
938,mcp_external_tool_eval,13,mcp_external_tool_eval,13,2033,4651
943,reviser,13,reviser,13,2035,429
947,reviser,13,reviser,13,2036,2452
953,mcp_search,6,mcp_external_tool_eval,13,1,9013
959,reviser,13,reviser,13,2037,6517
966,programmer,9,mcp_file_write,8,1,3676
969,architect,5,architect,5,737,1242
972,mcp_search,3,architect,2,1,415
974,reviser,13,architect,5,1,2070
979,mcp_file_query,10,mcp_search,3,1,1903
985,reviewer,12,mcp_conditional_execution,4,1,1864
989,mcp_search,3,architect,2,1,1037
990,reviser,13,mcp_search,3,1,1628
994,mcp_search,3,reviewer,12,1,8361
995,reviewer,12,architect,2,1,1043
995,architect,5,mcp_search,3,1,1636
995,mcp_file_query,10,reviewer,12,1,8376
995,mcp_file_query,10,reviewer,12,1,8377
1000,mcp_search,6,mcp_search,6,1125,2270
1003,mcp_conditional_execution,7,mcp_conditional_execution,7,2030,1180
1004,mcp_conditional_execution,4,mcp_conditional_execution,4,1878,341
1010,programmer,9,mcp_search,3,1,1918
1015,programmer,9,mcp_conditional_execution,4,1,2220
1021,mcp_conditional_execution,4,mcp_file_query,10,1,4876
1025,programmer,9,mcp_search,3,1,1404
1028,mcp_search,6,mcp_search,3,1,1482
1030,architect,5,mcp_file_query,10,1,5059
1030,mcp_conditional_execution,4,mcp_search,3,1,1487
1031,mcp_search,6,architect,2,1,303
1031,mcp_search,6,architect,5,1,2138
1033,mcp_file_write,11,mcp_file_write,11,2032,2391
1036,architect,2,architect,2,1,957
1037,mcp_file_write,8,mcp_file_write,8,1755,2339
1038,mcp_external_tool_eval,13,mcp_external_tool_eval,13,2031,939
1040,mcp_search,6,mcp_search,3,1,1987
1041,mcp_external_tool_eval,13,mcp_external_tool_eval,13,2032,2957
1045,mcp_search,3,mcp_search,3,1,2114
1049,architect,2,mcp_file_write,8,1,4468
1054,mcp_external_tool_eval,13,mcp_external_tool_eval,13,2033,4971
1055,reviser,13,reviser,13,2034,1028
1057,architect,2,mcp_external_tool_eval,13,1,8486
1060,reviser,13,reviser,13,2037,5098
1062,reviser,13,reviser,13,1268,7126
1068,mcp_conditional_execution,4,mcp_conditional_execution,4,826,947
1075,mcp_file_write,8,architect,2,1,971
1076,mcp_conditional_execution,7,mcp_conditional_execution,7,1526,2316
1083,reviewer,12,mcp_conditional_execution,7,1,3893
1089,mcp_user_confirm,14,mcp_user_confirm,14,2037,2682
1101,mcp_file_write,14,mcp_file_write,14,2037,1959
1103,architect,5,architect,5,1245,725
1104,mcp_conditional_execution,7,architect,2,1,280
1105,architect,2,architect,5,1,2019
1110,mcp_file_write,14,mcp_search,3,1,1893
1115,architect,5,mcp_conditional_execution,4,1,2229
1122,architect,5,mcp_conditional_execution,7,1,3481
1124,mcp_search,3,programmer,9,1,3851
1124,architect,5,programmer,9,1,3853
1124,mcp_user_confirm,14,programmer,9,1,3861
1135,mcp_search,6,mcp_search,6,942,2494
1137,mcp_file_query,10,mcp_file_query,10,848,4507
1143,architect,2,mcp_file_query,10,1,5378
1144,mcp_conditional_execution,7,mcp_file_query,10,1,5408
1145,mcp_file_query,10,mcp_file_query,10,1,5424
1150,mcp_conditional_execution,4,mcp_file_query,10,1,5466
1151,mcp_search,6,mcp_file_query,10,1,5509
1152,programmer,9,mcp_file_query,10,1,5575
1155,mcp_conditional_execution,4,mcp_search,3,1,1905
1156,mcp_file_write,11,mcp_file_write,11,2033,2416
1163,mcp_search,6,mcp_search,3,1,2165
1167,mcp_file_write,8,mcp_file_write,8,2032,1120
1171,mcp_file_query,10,mcp_conditional_execution,4,1,2203
1175,architect,5,architect,2,1,764
1176,architect,2,mcp_search,3,1,2107
1180,mcp_search,3,mcp_search,3,1,1744
1181,mcp_file_write,11,mcp_conditional_execution,4,1,2225
1181,mcp_search,3,architect,2,1,790
1182,programmer,9,mcp_search,3,1,2145
1182,programmer,9,mcp_search,3,1,1782
1184,mcp_file_write,11,mcp_conditional_execution,4,1,2261
1184,mcp_conditional_execution,7,mcp_conditional_execution,7,2030,1385
1189,mcp_file_write,11,mcp_conditional_execution,4,1,2086
1194,mcp_search,3,mcp_conditional_execution,4,1,2200
1195,mcp_file_write,11,mcp_search,3,1,1706
1199,programmer,9,mcp_conditional_execution,4,1,2750
1202,mcp_file_write,8,mcp_file_write,8,2031,1111
1203,mcp_search,6,mcp_search,6,2032,629
1205,mcp_external_tool_eval,13,mcp_external_tool_eval,13,2033,4482
1210,mcp_external_tool_eval,13,mcp_external_tool_eval,13,2035,6515
1218,mcp_search,3,mcp_external_tool_eval,13,1,9223
1226,mcp_file_query,10,mcp_file_query,10,2037,597
1229,mcp_file_write,8,architect,5,1,2135
1234,reviewer,12,reviewer,12,2037,5486
1238,architect,5,architect,2,1,821
1239,mcp_conditional_execution,4,architect,5,1,2346
1245,mcp_search,3,architect,2,1,916
1246,mcp_conditional_execution,4,architect,2,1,869
1249,mcp_conditional_execution,4,mcp_conditional_execution,4,1,2208
1255,reviser,13,reviser,13,2034,6478
1269,mcp_file_write,11,mcp_file_write,11,1410,4223
1271,mcp_search,3,mcp_search,3,930,514
1272,mcp_search,3,mcp_search,6,1,3078
1277,reviser,13,architect,2,1,730
1278,mcp_file_write,11,mcp_search,3,1,1486
1281,mcp_file_write,11,architect,2,1,773
1281,mcp_file_write,11,mcp_search,3,1,1529
1283,mcp_file_write,11,architect,2,1,834
1283,programmer,9,mcp_search,3,1,1591
1284,mcp_search,6,mcp_search,6,1,3312
1288,mcp_conditional_execution,4,mcp_conditional_execution,4,1340,464
1291,programmer,9,mcp_search,3,1,1995
1296,mcp_file_write,11,architect,2,1,1093
1296,programmer,9,mcp_search,3,1,1867
1298,mcp_file_write,11,mcp_search,6,1,3651
1301,mcp_file_write,11,architect,2,1,1237
1304,architect,5,architect,5,1328,659
1308,mcp_search,3,mcp_file_write,8,1,3762
1309,architect,5,mcp_file_write,8,1,3778
1318,architect,2,mcp_file_query,10,1,5663
1318,mcp_conditional_execution,7,mcp_conditional_execution,7,2035,1057
1321,mcp_user_confirm,14,mcp_search,3,1,1494
1332,mcp_search,3,mcp_search,3,1,1763
1334,mcp_conditional_execution,7,mcp_conditional_execution,7,734,3091
1338,mcp_conditional_execution,7,mcp_conditional_execution,7,1675,1896
1341,mcp_external_tool_eval,13,mcp_external_tool_eval,13,2033,1539
1347,architect,5,mcp_search,6,1,3395
1350,mcp_external_tool_eval,13,mcp_external_tool_eval,13,2034,3567
1364,mcp_conditional_execution,4,mcp_search,6,1,3871
1370,architect,2,mcp_conditional_execution,4,1,2816
1371,mcp_external_tool_eval,13,mcp_external_tool_eval,13,643,7611
1372,mcp_file_write,14,mcp_file_write,14,2036,2387
1373,mcp_file_write,14,mcp_file_write,14,2037,6458
1375,mcp_conditional_execution,4,mcp_conditional_execution,4,590,1761
1381,mcp_external_tool_eval,13,architect,2,1,485
1382,programmer,9,programmer,9,1,4528
1382,mcp_file_write,14,architect,2,1,493
1382,programmer,9,programmer,9,1,4543
1383,mcp_search,6,programmer,9,1,4577
1383,mcp_external_tool_eval,13,architect,2,1,498
1383,architect,2,programmer,9,1,4549
1384,mcp_search,3,programmer,9,1,4584
1384,mcp_search,3,programmer,9,1,4598
1387,mcp_search,3,mcp_search,3,1,1312
1391,mcp_external_tool_eval,13,architect,2,1,811
1392,architect,2,mcp_conditional_execution,4,1,2588
1394,mcp_file_write,14,architect,2,1,826
1396,mcp_search,3,programmer,9,1,4938
1396,mcp_search,3,programmer,9,1,4940
1396,mcp_file_write,14,programmer,9,1,4992
1397,mcp_conditional_execution,4,programmer,9,1,4997
1398,mcp_file_write,14,programmer,9,1,5070
1408,reviser,13,reviser,13,2033,5473
1419,architect,2,architect,5,1,2029
1423,mcp_conditional_execution,4,architect,5,1,2082
1424,mcp_file_write,8,reviser,13,1,8408
1424,mcp_search,3,architect,5,1,2086
1424,architect,5,reviser,13,1,8414
1424,mcp_search,3,reviser,13,1,8416
1431,mcp_search,6,mcp_search,6,2034,347
1431,mcp_search,3,mcp_conditional_execution,4,1,2113
1434,mcp_conditional_execution,4,mcp_conditional_execution,4,1,2192
1438,reviewer,12,reviewer,12,1466,6860
1440,mcp_file_query,10,mcp_file_query,10,2038,2494
1443,mcp_conditional_execution,4,mcp_file_query,10,1,4940
1447,mcp_search,6,mcp_file_query,10,1,5084
1459,architect,5,architect,5,1773,726
1462,mcp_search,3,mcp_search,6,1,3408
1464,mcp_file_query,10,architect,5,1,2531
1467,mcp_user_confirm,14,mcp_user_confirm,14,2037,2466
1472,mcp_user_confirm,14,mcp_user_confirm,14,2038,4502
1479,mcp_user_confirm,14,mcp_external_tool_eval,13,1,9183
1491,mcp_search,6,mcp_search,3,1,1823
1493,mcp_external_tool_eval,13,mcp_conditional_execution,7,1,3510
1499,mcp_file_write,11,mcp_file_write,11,2041,2419
1506,mcp_external_test,15,mcp_external_test,15,2037,1369
1510,mcp_file_write,11,mcp_search,3,1,1840
1517,mcp_search,3,mcp_search,3,1,1392
1520,mcp_conditional_execution,7,mcp_external_test,15,1,8632
1528,mcp_conditional_execution,7,programmer,9,1,3973
1534,mcp_file_write,11,programmer,9,1,3962
1534,programmer,9,programmer,9,1,3984
1534,mcp_search,6,programmer,9,1,3989
1535,programmer,9,mcp_search,6,1,3282
1536,mcp_search,3,mcp_search,3,689,984
1539,mcp_file_write,11,mcp_conditional_execution,4,1,1991
1543,architect,5,mcp_conditional_execution,4,1,1853
1544,mcp_file_write,14,mcp_file_write,14,2032,1177
1546,programmer,9,mcp_search,3,1,1461
1549,mcp_search,3,mcp_conditional_execution,4,1,2012
1551,programmer,9,architect,5,1,2453
1560,mcp_file_write,14,mcp_file_write,14,1186,7276
1566,reviser,13,reviser,13,2036,1226
1566,reviser,13,reviser,13,2037,3253
1567,reviser,13,reviser,13,2038,5286
1569,mcp_search,3,mcp_search,3,1261,450
1570,mcp_file_write,8,mcp_file_write,8,2037,1095
1575,mcp_search,3,mcp_search,3,604,1098
1579,architect,5,architect,5,1,2608
1580,mcp_search,6,mcp_search,6,1763,1665
1584,programmer,9,programmer,9,2038,595
1585,mcp_file_write,14,mcp_search,6,1,3484
1595,mcp_search,3,mcp_search,6,1,3706
1601,mcp_conditional_execution,7,mcp_conditional_execution,7,682,2855
1604,mcp_file_write,11,mcp_file_write,11,2035,2358
1610,mcp_file_write,8,mcp_file_write,8,1329,2354
1615,programmer,9,mcp_file_write,8,1,3687
1621,mcp_file_write,11,mcp_search,3,1,1710
1626,architect,5,architect,5,1444,558
1628,mcp_file_write,8,mcp_conditional_execution,4,1,1928
1633,programmer,9,mcp_file_write,8,1,3910
1634,mcp_file_write,11,mcp_search,3,1,1976
1635,mcp_search,6,mcp_search,6,1512,1820
1638,mcp_file_query,10,mcp_file_query,10,2035,1195
1640,mcp_search,3,mcp_search,3,814,538
1642,architect,5,mcp_conditional_execution,4,1,2223
1645,mcp_file_query,10,mcp_search,3,1,1778
1647,mcp_search,6,mcp_conditional_execution,7,1,3557
1652,mcp_file_query,10,mcp_search,3,1,1874
1652,mcp_search,3,mcp_conditional_execution,7,1,3654
1658,mcp_file_query,10,mcp_search,3,1,1836
1661,mcp_conditional_execution,4,mcp_conditional_execution,4,1804,513
1666,mcp_search,3,mcp_conditional_execution,4,1,2036
1666,mcp_search,3,mcp_conditional_execution,4,1,2319
1668,mcp_search,6,mcp_search,6,2034,472
1672,mcp_user_confirm,14,mcp_user_confirm,14,2035,2992
1673,mcp_file_write,11,mcp_file_write,11,2038,2267
1676,architect,5,mcp_file_write,11,1,5496
1676,mcp_search,3,mcp_file_write,11,1,5496
1685,mcp_file_write,11,mcp_file_write,11,1,5647
1685,mcp_conditional_execution,4,mcp_file_write,11,1,5648
1685,mcp_user_confirm,14,mcp_file_write,11,1,5652
1685,mcp_search,3,mcp_file_write,11,1,5650
1685,mcp_conditional_execution,4,mcp_file_write,11,1,5667
1685,mcp_search,6,mcp_file_write,11,1,5668
1690,mcp_conditional_execution,4,mcp_conditional_execution,7,1,3691
1695,programmer,9,programmer,9,1552,2375
1702,mcp_external_tool_eval,13,mcp_external_tool_eval,13,2037,883
1702,mcp_external_tool_eval,13,mcp_external_tool_eval,13,2038,2918
1703,mcp_external_tool_eval,13,mcp_external_tool_eval,13,1217,6990
1711,mcp_search,3,mcp_search,3,1,2096
1719,mcp_file_write,8,mcp_file_write,8,2037,1090
1723,architect,5,mcp_search,6,1,3615
1726,mcp_external_tool_eval,13,mcp_search,3,1,1354
1729,mcp_conditional_execution,4,mcp_file_write,8,1,3883
1739,mcp_conditional_execution,7,mcp_conditional_execution,7,1004,2614
1740,mcp_conditional_execution,4,mcp_conditional_execution,4,1866,516
1744,mcp_search,3,mcp_conditional_execution,4,1,1916
1747,reviewer,12,mcp_conditional_execution,4,1,2397
1754,mcp_file_query,10,mcp_file_query,10,2037,2389
1762,mcp_search,3,mcp_conditional_execution,4,1,2732
1764,architect,5,mcp_conditional_execution,4,1,2507
1767,architect,5,mcp_file_query,10,1,5398
1770,mcp_external_test,15,mcp_external_test,15,2037,6711
1774,reviser,13,reviser,13,2037,2210
1775,reviser,13,reviser,13,2038,4246
1789,mcp_search,6,mcp_search,6,2038,360
1790,programmer,9,programmer,9,2036,2104
1797,reviser,13,architect,5,1,2263
1805,mcp_search,3,mcp_conditional_execution,4,1,2159
1807,mcp_conditional_execution,7,mcp_conditional_execution,7,1429,2308
1808,mcp_search,6,mcp_search,6,2035,843
1810,programmer,9,mcp_search,6,1,3144
1817,mcp_conditional_execution,4,mcp_conditional_execution,7,1,4046
1824,mcp_file_write,14,mcp_file_write,14,877,8542
1830,reviewer,12,reviewer,12,667,7109
1837,architect,5,architect,5,1,2688
1840,mcp_conditional_execution,7,mcp_conditional_execution,7,1291,2167
1842,mcp_conditional_execution,4,mcp_conditional_execution,4,809,932
1845,mcp_conditional_execution,7,mcp_conditional_execution,7,1,3555
1848,mcp_file_write,11,mcp_file_write,11,2037,1606
1855,mcp_conditional_execution,4,mcp_conditional_execution,4,1,1968
1855,mcp_file_write,11,mcp_file_write,11,1444,3638
1859,mcp_user_confirm,14,mcp_user_confirm,14,2038,5959
1862,mcp_file_write,11,mcp_user_confirm,14,1,8374
1875,mcp_conditional_execution,7,mcp_search,6,1,3066
1879,mcp_file_write,8,mcp_file_write,8,2038,593
1889,mcp_file_write,11,architect,5,1,2316
1891,mcp_file_write,8,mcp_file_write,8,1440,2633
1904,architect,5,architect,5,963,1506
1907,mcp_file_query,10,mcp_file_query,10,1,4976
1909,mcp_file_query,10,mcp_file_query,10,1,5039
1911,mcp_external_tool_eval,13,mcp_external_tool_eval,13,2035,2436
1914,mcp_external_tool_eval,13,mcp_external_tool_eval,13,2036,4468
1925,mcp_file_query,10,mcp_file_query,10,1,5441
1926,mcp_conditional_execution,4,mcp_file_query,10,1,5539
1929,architect,5,mcp_file_query,10,1,5727
1937,mcp_conditional_execution,7,mcp_conditional_execution,7,2037,622
1939,mcp_search,6,mcp_search,6,1954,1472
1941,mcp_file_query,10,mcp_conditional_execution,4,1,2145
1951,mcp_conditional_execution,4,mcp_conditional_execution,4,1,2304
1956,mcp_search,6,architect,5,1,2010
1963,architect,5,mcp_search,6,1,3443
1971,mcp_user_confirm,14,mcp_user_confirm,14,2039,2890
1973,programmer,9,programmer,9,2040,1124
1977,mcp_conditional_execution,4,mcp_search,6,1,3648
1979,programmer,9,programmer,9,1026,3161
1992,programmer,9,mcp_conditional_execution,7,1,4013
1995,mcp_file_query,10,mcp_file_query,10,2038,2377
2002,mcp_file_query,10,mcp_file_query,10,910,4407
2006,mcp_file_write,14,mcp_file_write,14,868,7524
2010,mcp_file_query,10,architect,5,1,2310
2016,reviewer,12,mcp_file_write,14,1,8672
2016,programmer,9,mcp_file_write,14,1,8628
2017,mcp_conditional_execution,4,mcp_file_write,14,1,8636
2022,mcp_conditional_execution,7,mcp_conditional_execution,7,526,2966
2025,reviser,13,reviser,13,2038,1907
2034,mcp_file_write,8,mcp_conditional_execution,7,1,3772
2038,reviser,13,reviser,13,2041,5974
2041,architect,5,architect,5,1550,497
2043,mcp_file_write,14,programmer,9,1,3967
2043,programmer,9,programmer,9,1,3968
2043,mcp_file_write,8,programmer,9,1,3970
2048,architect,5,programmer,9,1,3982
2048,mcp_file_write,14,programmer,9,1,3989
2051,architect,5,mcp_search,6,1,3336
2055,mcp_conditional_execution,4,mcp_conditional_execution,4,1774,374
2056,mcp_file_write,11,mcp_file_write,11,2036,641
2062,mcp_search,6,mcp_conditional_execution,4,1,2336
2064,mcp_file_write,11,mcp_file_write,11,2037,2677
2075,mcp_conditional_execution,4,mcp_conditional_execution,4,1575,213
2077,architect,5,architect,5,1,2416
2080,mcp_conditional_execution,4,mcp_file_write,8,1,3679
2083,mcp_conditional_execution,4,mcp_conditional_execution,4,1868,345
2083,mcp_search,6,mcp_search,6,2035,399
2090,architect,5,architect,5,1,2541
2092,mcp_conditional_execution,7,mcp_conditional_execution,7,1158,2311
2098,architect,5,architect,5,1,2738
2102,architect,5,mcp_search,6,1,3565
2110,mcp_external_tool_eval,13,mcp_external_tool_eval,13,2036,2452
2116,mcp_external_tool_eval,13,mcp_external_tool_eval,13,1759,6524
2116,reviewer,12,reviewer,12,2038,5484
2121,mcp_file_write,8,reviewer,12,1,8088
2121,architect,5,reviewer,12,1,8089
2121,mcp_file_query,10,reviewer,12,1,8096
2125,programmer,9,programmer,9,2037,550
2128,mcp_conditional_execution,7,architect,5,1,2143
2134,programmer,9,programmer,9,1666,2567
2139,reviewer,12,architect,5,1,2337
2141,mcp_conditional_execution,4,mcp_conditional_execution,4,1346,1038
2141,mcp_search,6,mcp_search,6,2036,917
2142,mcp_file_write,14,mcp_file_write,14,2037,452
2144,programmer,9,mcp_conditional_execution,7,1,3976
2151,mcp_file_write,14,mcp_file_write,14,2038,6554
2156,programmer,9,mcp_conditional_execution,4,1,1798
2160,programmer,9,programmer,9,1,4128
2160,mcp_file_write,14,programmer,9,1,4132
2160,mcp_file_write,14,programmer,9,1,4133
2161,mcp_conditional_execution,4,programmer,9,1,4154
2161,programmer,9,programmer,9,1,4159
2161,programmer,9,programmer,9,1,4160
2166,mcp_search,6,mcp_search,6,822,2244
2171,programmer,9,mcp_conditional_execution,4,1,1961
2171,mcp_conditional_execution,4,programmer,9,1,4325
2172,mcp_file_write,14,programmer,9,1,4375
2173,programmer,9,programmer,9,1,4384
2173,programmer,9,programmer,9,1,4400
2176,mcp_file_write,8,mcp_file_write,8,2037,1399
2177,mcp_search,6,mcp_search,6,1527,1888
2177,mcp_conditional_execution,4,mcp_conditional_execution,4,1379,703
2182,programmer,9,mcp_search,6,1,3563
2185,architect,5,architect,5,1,2048
2191,mcp_search,6,mcp_file_write,11,1,5571
2193,architect,5,mcp_file_write,11,1,5649
2195,mcp_search,6,mcp_file_write,11,1,5732
2198,programmer,9,mcp_file_write,11,1,5604
2198,mcp_conditional_execution,4,mcp_file_write,11,1,5710
2199,mcp_external_test,15,mcp_external_test,15,2036,1163
2202,architect,5,mcp_search,6,1,3675
2209,mcp_file_write,11,mcp_search,6,1,3834
2210,mcp_external_test,15,mcp_external_test,15,2039,5219
2213,mcp_conditional_execution,4,mcp_conditional_execution,4,428,1336
2220,mcp_file_write,11,reviewer,12,1,8539
2220,mcp_file_write,11,reviewer,12,1,8543
2221,mcp_conditional_execution,4,mcp_conditional_execution,4,1,2096
2223,mcp_conditional_execution,7,mcp_conditional_execution,7,1127,2327
2225,mcp_conditional_execution,4,mcp_conditional_execution,7,1,3480
2228,reviser,13,reviser,13,1758,6512
2229,architect,5,architect,5,1391,477
2231,reviewer,12,reviser,13,1,8344
2231,reviewer,12,reviser,13,1,8354
2231,mcp_conditional_execution,4,reviser,13,1,8359
2232,mcp_conditional_execution,7,mcp_conditional_execution,7,884,2954
2237,mcp_search,6,mcp_search,6,1715,1386
2251,mcp_user_confirm,14,mcp_user_confirm,14,2038,3634
2256,mcp_user_confirm,14,mcp_user_confirm,14,2039,5671
2263,mcp_file_write,8,mcp_file_write,8,1564,2375
2266,mcp_conditional_execution,7,mcp_conditional_execution,7,2038,756
2270,mcp_search,6,mcp_file_write,8,1,4066
2271,mcp_search,6,mcp_search,6,1792,1554
2275,mcp_conditional_execution,7,mcp_conditional_execution,7,1,3664
2284,mcp_file_query,10,mcp_file_query,10,2038,597
2285,mcp_external_tool_eval,13,mcp_external_tool_eval,13,2038,2201
2291,mcp_file_query,10,mcp_file_query,10,1,5152
2292,architect,5,mcp_file_query,10,1,5170
2292,architect,5,mcp_file_query,10,1,5181
2293,mcp_conditional_execution,7,mcp_file_query,10,1,5182
2294,mcp_file_write,8,mcp_file_write,8,2038,1566
2297,mcp_file_write,8,mcp_file_write,8,2038,538
2299,architect,5,architect,5,1,2352
2302,mcp_file_query,10,mcp_file_write,8,1,3967
2313,mcp_conditional_execution,7,mcp_conditional_execution,7,1677,2312
2317,mcp_search,6,mcp_search,6,2039,595
2319,architect,5,architect,5,1387,1034
2326,mcp_search,6,mcp_conditional_execution,7,1,3732
2330,architect,5,architect,5,1,2324
2331,mcp_file_write,11,mcp_file_write,11,2034,677
2333,programmer,9,architect,5,1,2001
2337,programmer,9,architect,5,1,2509
2341,programmer,9,programmer,9,1,4288
2342,mcp_search,6,architect,5,1,2018
2342,programmer,9,architect,5,1,2539
2342,programmer,9,programmer,9,1,4318
2342,programmer,9,programmer,9,1,4319
2342,mcp_conditional_execution,7,architect,5,1,2033
2343,programmer,9,architect,5,1,2555
2343,mcp_file_write,8,programmer,9,1,4341
2343,mcp_conditional_execution,7,programmer,9,1,4344
2344,architect,5,programmer,9,1,4383
2345,mcp_file_write,11,mcp_file_write,11,470,4702
2352,programmer,9,programmer,9,1,4280
2353,programmer,9,mcp_search,6,1,3132
2358,mcp_file_write,11,programmer,9,1,4460
2359,programmer,9,mcp_search,6,1,3150
2360,programmer,9,programmer,9,1,4498
2360,architect,5,programmer,9,1,4520
2360,programmer,9,mcp_search,6,1,3152
2360,architect,5,programmer,9,1,4502
2360,programmer,9,programmer,9,1,4525
2361,mcp_file_write,8,mcp_file_write,8,1511,2333
2362,mcp_conditional_execution,7,mcp_conditional_execution,7,2034,1517
2366,programmer,9,architect,5,1,2300
2371,mcp_external_tool_eval,13,mcp_external_tool_eval,13,2036,2440
2382,architect,5,architect,5,1,2688
2384,mcp_conditional_execution,7,mcp_conditional_execution,7,2039,590
2385,mcp_conditional_execution,7,mcp_conditional_execution,7,1004,2616
2387,architect,5,architect,5,1532,485
2391,mcp_conditional_execution,7,mcp_search,6,1,3189
2393,reviser,13,reviser,13,2040,899
2405,mcp_conditional_execution,7,mcp_conditional_execution,7,1623,2329
2422,mcp_external_test,15,mcp_external_test,15,2038,4540
2429,mcp_conditional_execution,7,mcp_file_write,8,1,4071
2432,mcp_file_write,11,mcp_file_write,11,2039,2416
2440,mcp_file_query,10,mcp_file_write,8,1,4355
2445,mcp_file_write,14,mcp_file_write,14,2037,3397
2452,mcp_file_write,14,mcp_file_write,14,2038,5430
2459,mcp_file_write,11,reviewer,12,1,8011
2459,mcp_file_write,8,reviewer,12,1,8021
2469,mcp_file_write,14,reviewer,12,1,8191
2469,mcp_file_write,11,reviewer,12,1,8192
2469,mcp_file_write,11,reviewer,12,1,8203
2470,mcp_file_write,8,mcp_file_write,8,1348,2346
2480,mcp_file_query,10,mcp_file_query,10,1553,3387
2489,mcp_user_confirm,14,mcp_user_confirm,14,2037,4344
2492,mcp_file_query,10,mcp_user_confirm,14,1,8912
2497,mcp_conditional_execution,7,mcp_conditional_execution,7,491,3224
2508,architect,5,architect,5,1,2624
2514,reviser,13,reviser,13,2039,1850
2522,architect,5,architect,5,2040,360
2524,mcp_conditional_execution,7,mcp_file_write,8,1,4042
